dataset,setting,ai_kind,policy_kind,human_kind,n_test,budget,spent_cost,avg_subset_size,pct_human_used,ai_only_accuracy,ai_only_dp_diff,ai_only_eo_diff,ai_only_eopp_diff,ai_only_te_diff,ai_only_subgroup_fairness,ai_only_individual_fairness,final_accuracy,final_demographic_parity_diff,final_equalized_odds_diff,final_equal_opportunity_diff,final_treatment_equality_diff,final_subgroup_fairness,final_individual_fairness,wall_seconds
acs_income,a_placo_basicAI_unbiased,basic,placo,unbiased,2400,21600.0,18105.671834775807,7.737083333333333,100.0,0.8004166666666667,0.138265053026456,0.0984682299546142,0.0984682299546142,0.4149633343820612,0.6244144074955841,0.8325833333333295,0.97375,0.0979954737450796,0.0135920953101361,0.0135920953101361,0.2198046500486951,0.1103145424836601,0.7029166666666616,115.27346515655518
acs_income,b_placo_basicAI_explicit,basic,placo,explicit_biased,2400,21600.0,18175.1309908651,7.822083333333333,100.0,0.8004166666666667,0.138265053026456,0.0984682299546142,0.0984682299546142,0.4149633343820612,0.6244144074955841,0.8325833333333295,0.90375,0.1085831530561026,0.1775813161875945,0.1775813161875945,0.154986327625782,0.4836891078270388,0.7331666666666601,121.52111601829527
acs_income,c_placo_basicAI_automation,basic,placo,automation_biased,2400,21600.0,17806.788868044863,7.705,100.0,0.8004166666666667,0.138265053026456,0.0984682299546142,0.0984682299546142,0.4149633343820612,0.6244144074955841,0.8325833333333295,0.80125,0.1378570443144426,0.0968560892586989,0.0968560892586989,0.4120558484704019,0.6266415789877889,0.8326666666666628,107.45411682128906
acs_income,d_placo_fairAI_unbiased,fair,placo,unbiased,2400,21600.0,18110.640439309293,7.74,100.0,0.8045833333333333,0.1016880993545243,0.0488653555219364,0.0488653555219364,0.0370688525012286,0.6004915137086245,0.835833333333329,0.97375,0.0940650876631667,0.0104670953101361,0.0104670953101361,0.496436886313891,0.1103145424836601,0.7014999999999946,122.67955207824708
acs_income,e_placo_fairAI_explicit,fair,placo,explicit_biased,2400,21600.0,18205.71673218482,7.860416666666667,100.0,0.8045833333333333,0.1016880993545243,0.0488653555219364,0.0488653555219364,0.0370688525012286,0.6004915137086245,0.835833333333329,0.9008333333333334,0.0767423292894484,0.1760684568835098,0.1760684568835098,0.9564377998875672,0.4825956166738289,0.709166666666662,125.24749398231506
acs_income,f_placo_fairAI_automation,fair,placo,automation_biased,2400,21600.0,17807.78032553148,7.705833333333333,100.0,0.8045833333333333,0.1016880993545243,0.0488653555219364,0.0488653555219364,0.0370688525012286,0.6004915137086245,0.835833333333329,0.805,0.1023646893409925,0.0503782148260212,0.0503782148260212,0.0430748765614404,0.6027186852008294,0.8359999999999956,117.08087396621704
acs_income,g_FAIRPLACO_fairAI_unbiased,fair,fair_placo,unbiased,2400,21600.0,18087.425183494513,7.727083333333334,99.91666666666669,0.8045833333333333,0.1016880993545243,0.0488653555219364,0.0488653555219364,0.0370688525012286,0.6004915137086245,0.835833333333329,0.97375,0.0940650876631667,0.0104670953101361,0.0104670953101361,0.496436886313891,0.1103145424836601,0.7014999999999946,121.35180497169496
acs_income,h_FAIRPLACO_fairAI_explicit,fair,fair_placo,explicit_biased,2400,21600.0,18173.73153880719,7.843333333333334,99.91666666666669,0.8045833333333333,0.1016880993545243,0.0488653555219364,0.0488653555219364,0.0370688525012286,0.6004915137086245,0.835833333333329,0.9008333333333334,0.0767423292894484,0.1760684568835098,0.1760684568835098,0.9564377998875672,0.4825956166738289,0.707916666666662,129.71322894096377
acs_income,i_FAIRPLACO_fairAI_automation,fair,fair_placo,automation_biased,2400,21600.0,18077.060553235224,7.84375,99.875,0.8045833333333333,0.1016880993545243,0.0488653555219364,0.0488653555219364,0.0370688525012286,0.6004915137086245,0.835833333333329,0.805,0.1023646893409925,0.0503782148260212,0.0503782148260212,0.0430748765614404,0.6027186852008294,0.8359999999999956,135.1669318675995
acs_income,j_FAIRPLACO_basicAI_unbiased,basic,fair_placo,unbiased,2400,21600.0,18073.551744120097,7.715833333333333,99.91666666666669,0.8004166666666667,0.138265053026456,0.0984682299546142,0.0984682299546142,0.4149633343820612,0.6244144074955841,0.8325833333333295,0.97375,0.0979954737450796,0.0135920953101361,0.0135920953101361,0.2198046500486951,0.1103145424836601,0.7029166666666616,109.59982013702393
acs_income,k_FAIRPLACO_basicAI_explicit,basic,fair_placo,explicit_biased,2400,21600.0,18154.75607555759,7.810833333333333,99.875,0.8004166666666667,0.138265053026456,0.0984682299546142,0.0984682299546142,0.4149633343820612,0.6244144074955841,0.8325833333333295,0.9033333333333332,0.1100757604665975,0.1838313161875945,0.1838313161875945,0.1601632158053158,0.4836891078270388,0.7327499999999935,105.13345193862916
acs_income,l_FAIRPLACO_basicAI_automation,basic,fair_placo,automation_biased,2400,21600.0,18085.22739512455,7.85,99.875,0.8004166666666667,0.138265053026456,0.0984682299546142,0.0984682299546142,0.4149633343820612,0.6244144074955841,0.8325833333333295,0.80125,0.1378570443144426,0.0968560892586989,0.0968560892586989,0.4120558484704019,0.6266415789877889,0.8326666666666628,113.12068462371826
adult,a_placo_basicAI_unbiased,basic,placo,unbiased,13567,122103.0,102418.19964461168,7.738999041792585,100.0,0.8651138792658657,0.1743677555779118,0.0870390231829056,0.0870390231829056,0.3823671700442761,0.484167339252085,0.924419547431259,0.9767818972506818,0.1894626136501003,0.0087692025589829,0.004618705827352,0.4023449807719207,0.0571186440677966,0.7981425517800507,751.6090168952942
adult,b_placo_basicAI_explicit,basic,placo,explicit_biased,13567,122103.0,102653.29858962956,7.787130537333235,100.0,0.8651138792658657,0.1743677555779118,0.0870390231829056,0.0870390231829056,0.3823671700442761,0.484167339252085,0.924419547431259,0.9530478366624898,0.180705179806007,0.3024227923988669,0.3024227923988669,1.1336434273341145,0.4796050203026947,0.7982015183902101,767.5771367549896
adult,c_placo_basicAI_automation,basic,placo,automation_biased,13567,122103.0,100888.03700358236,7.706051448367362,100.0,0.8651138792658657,0.1743677555779118,0.0870390231829056,0.0870390231829056,0.3823671700442761,0.484167339252085,0.924419547431259,0.8667354610451832,0.1762897637279293,0.0869097709209911,0.0869097709209911,0.3942027856651844,0.4798224374495561,0.920866809169299,666.0670390129089
adult,d_placo_fairAI_unbiased,fair,placo,unbiased,13567,122103.0,102419.84040945988,7.739441291368762,100.0,0.866072086680917,0.159223477133956,0.05080701682898,0.0402524544179523,0.0480959209918312,0.4608824320688727,0.9221345912876756,0.9766344807252894,0.1881155796294738,0.0076798011490974,0.0019566592415367,0.5579724021916925,0.0595103578154425,0.7989680843222484,669.8689179420471
adult,e_placo_fairAI_explicit,fair,placo,explicit_biased,13567,122103.0,102693.46582392932,7.793616864450505,100.0,0.866072086680917,0.159223477133956,0.05080701682898,0.0402524544179523,0.0480959209918312,0.4608824320688727,0.9221345912876756,0.9501732144173362,0.1749698600269119,0.2785936253884443,0.2785936253884443,1.321104952711766,0.4254506322302933,0.8009139824574267,2325.6876780986786
adult,f_placo_fairAI_automation,fair,placo,automation_biased,13567,122103.0,100878.77728657056,7.705756615316577,100.0,0.866072086680917,0.159223477133956,0.05080701682898,0.0402524544179523,0.0480959209918312,0.4608824320688727,0.9221345912876756,0.8678410849856268,0.1608087267788168,0.0512813251293753,0.0381624178423122,0.0449928761247382,0.4560667204735,0.9183902115427052,1401.9140701293943
adult,g_FAIRPLACO_fairAI_unbiased,fair,fair_placo,unbiased,13567,122103.0,102369.81851587252,7.72632122060883,99.99262917373038,0.866072086680917,0.159223477133956,0.05080701682898,0.0402524544179523,0.0480959209918312,0.4608824320688727,0.9221345912876756,0.9766344807252894,0.1881155796294738,0.0076798011490974,0.0019566592415367,0.5579724021916925,0.0595103578154425,0.7989680843222484,1024.3651068210602
adult,h_FAIRPLACO_fairAI_explicit,fair,fair_placo,explicit_biased,13567,122103.0,102647.65008603422,7.782929166359549,99.99262917373038,0.866072086680917,0.159223477133956,0.05080701682898,0.0402524544179523,0.0480959209918312,0.4608824320688727,0.9221345912876756,0.9503206309427288,0.1756433770372251,0.2835670874240299,0.2835670874240299,1.3133875903118029,0.4359160613397902,0.8010171740252018,2565.2225937843323
adult,i_FAIRPLACO_fairAI_automation,fair,fair_placo,automation_biased,13567,122103.0,102411.09949896162,7.840569027788015,99.98525834746074,0.866072086680917,0.159223477133956,0.05080701682898,0.0402524544179523,0.0480959209918312,0.4608824320688727,0.9221345912876756,0.8674725436721457,0.1602638864170429,0.0512813251293753,0.0364092621620877,0.0499556654668672,0.4551251008878128,0.9190388442544324,596.325366973877
adult,j_FAIRPLACO_basicAI_unbiased,basic,fair_placo,unbiased,13567,122103.0,102375.18840724233,7.728237635438933,99.99262917373038,0.8651138792658657,0.1743677555779118,0.0870390231829056,0.0870390231829056,0.3823671700442761,0.484167339252085,0.924419547431259,0.9767818972506818,0.1894626136501003,0.0087692025589829,0.004618705827352,0.4023449807719207,0.0571186440677966,0.7981425517800507,591.4237780570984
adult,k_FAIRPLACO_basicAI_explicit,basic,fair_placo,explicit_biased,13567,122103.0,102578.25654100324,7.776663964030368,99.97788752119112,0.8651138792658657,0.1743677555779118,0.0870390231829056,0.0870390231829056,0.3823671700442761,0.484167339252085,0.924419547431259,0.9530478366624898,0.1811607606716107,0.3043835767125924,0.3043835767125924,1.1230306347180865,0.4796050203026947,0.7982604850003672,583.4906439781189
adult,l_FAIRPLACO_basicAI_automation,basic,fair_placo,automation_biased,13567,122103.0,102393.81233345912,7.83850519643252,99.97788752119112,0.8651138792658657,0.1743677555779118,0.0870390231829056,0.0870390231829056,0.3823671700442761,0.484167339252085,0.924419547431259,0.8664406279943981,0.1758538914385101,0.0855072463768116,0.0855072463768116,0.3901664532427239,0.4788808178638687,0.9212795754403984,592.5281300544739
cifar10h,a_placo_basicAI_unbiased,basic,placo,unbiased,3000,27000.0,22636.53834236688,7.732,100.0,0.7233333333333334,0.1453948116964387,0.302322614724806,0.302322614724806,0.307296516225044,0.4398785983629174,0.8953333333333338,0.9633333333333334,0.1026780634884514,0.0295847250395726,0.0295847250395726,0.0945585826250126,0.0673227116526086,0.6594666666666611,131.77055597305298
cifar10h,b_placo_basicAI_explicit,basic,placo,explicit_biased,3000,27000.0,22669.635453020168,7.758333333333334,100.0,0.7233333333333334,0.1453948116964387,0.302322614724806,0.302322614724806,0.307296516225044,0.4398785983629174,0.8953333333333338,0.8383333333333334,0.0913357606098532,0.2155358435850951,0.2155358435850951,0.167222761394611,0.2614046603216279,0.6831333333333285,133.85869121551514
cifar10h,c_placo_basicAI_automation,basic,placo,automation_biased,3000,27000.0,22262.69472829679,7.7,100.0,0.7233333333333334,0.1453948116964387,0.302322614724806,0.302322614724806,0.307296516225044,0.4398785983629174,0.8953333333333338,0.7236666666666667,0.14605970531346,0.3035318045676114,0.3035318045676114,0.3152016957321573,0.4414053159201692,0.896066666666667,127.80854916572572
cifar10h,d_placo_fairAI_unbiased,fair,placo,unbiased,3000,27000.0,22636.135813910827,7.729,100.0,0.7203333333333334,0.0418420753214244,0.2003478285840433,0.1960666294147556,0.3027748210062171,0.3217626147105024,0.8857333333333336,0.9633333333333334,0.0973375810672431,0.0293080307813379,0.0293080307813379,0.1808189269094196,0.0724773508278663,0.6574666666666606,1005.4173710346222
cifar10h,e_placo_fairAI_explicit,fair,placo,explicit_biased,3000,27000.0,22693.527652397843,7.776666666666666,100.0,0.7203333333333334,0.0418420753214244,0.2003478285840433,0.1960666294147556,0.3027748210062171,0.3217626147105024,0.8857333333333336,0.8376666666666667,0.0512608089657526,0.2184751180517292,0.1858181615642927,0.6329231195339654,0.2495396238293853,0.6875999999999937,141.27997970581055
cifar10h,f_placo_fairAI_automation,fair,placo,automation_biased,3000,27000.0,22259.51435398329,7.700666666666667,100.0,0.7203333333333334,0.0418420753214244,0.2003478285840433,0.1960666294147556,0.3027748210062171,0.3217626147105024,0.8857333333333336,0.7213333333333334,0.0411771817044032,0.2033020383329355,0.197275819257561,0.3101549283038396,0.3232893322677543,0.8854666666666674,147.5101079940796
cifar10h,g_FAIRPLACO_fairAI_unbiased,fair,fair_placo,unbiased,3000,27000.0,22622.98573949958,7.717666666666666,99.96666666666668,0.7203333333333334,0.0418420753214244,0.2003478285840433,0.1960666294147556,0.3027748210062171,0.3217626147105024,0.8857333333333336,0.963,0.0966726874502218,0.0280988409385325,0.0280988409385325,0.2273389425443125,0.0699520983026138,0.6576666666666606,167.80652904510498
cifar10h,h_FAIRPLACO_fairAI_explicit,fair,fair_placo,explicit_biased,3000,27000.0,22677.38627636777,7.758666666666667,99.96666666666668,0.7203333333333334,0.0418420753214244,0.2003478285840433,0.1960666294147556,0.3027748210062171,0.3217626147105024,0.8857333333333336,0.8376666666666667,0.0512643645465923,0.2172600512230536,0.1846089717214875,0.646526606827527,0.2495396238293853,0.6876666666666608,150.4962568283081
cifar10h,i_FAIRPLACO_fairAI_automation,fair,fair_placo,automation_biased,3000,27000.0,22733.67375911774,7.882666666666666,99.96666666666668,0.7203333333333334,0.0418420753214244,0.2003478285840433,0.1960666294147556,0.3027748210062171,0.3217626147105024,0.8857333333333336,0.7206666666666667,0.0411736261235634,0.2030400002871649,0.197275819257561,0.3057456707328584,0.3232893322677543,0.885400000000001,162.21640515327454
cifar10h,j_FAIRPLACO_basicAI_unbiased,basic,fair_placo,unbiased,3000,27000.0,22630.999686940548,7.724,99.96666666666668,0.7233333333333334,0.1453948116964387,0.302322614724806,0.302322614724806,0.307296516225044,0.4398785983629174,0.8953333333333338,0.962,0.1026816190692911,0.0313473033988476,0.0313473033988476,0.0715471512920481,0.0647974591273561,0.6603999999999944,199.58637523651123
cifar10h,k_FAIRPLACO_basicAI_explicit,basic,fair_placo,explicit_biased,3000,27000.0,22659.223772212943,7.748,99.96666666666668,0.7233333333333334,0.1453948116964387,0.302322614724806,0.302322614724806,0.307296516225044,0.4398785983629174,0.8953333333333338,0.8383333333333334,0.0886726305609285,0.2143266537422898,0.2143266537422898,0.2328899508235566,0.2562273217613023,0.6827333333333285,187.55615520477295
cifar10h,l_FAIRPLACO_basicAI_automation,basic,fair_placo,automation_biased,3000,27000.0,22691.37056618756,7.857333333333333,99.9,0.7233333333333334,0.1453948116964387,0.302322614724806,0.302322614724806,0.307296516225044,0.4398785983629174,0.8953333333333338,0.7236666666666667,0.1447263624985778,0.3008367306237659,0.3008367306237659,0.3040338705902277,0.438947037066184,0.8949333333333334,145.96356177330017
compas,a_placo_basicAI_unbiased,basic,placo,unbiased,3312,29808.0,25013.194454465847,7.73792270531401,100.0,0.6929347826086957,0.11550766575100646,0.16883662831199409,0.06793493245106152,0.44926773076655735,0.22567627028482484,0.9346618357487932,0.9631642512077294,0.08435199006343608,0.020534563245173637,0.002508960573476715,0.0012763243596047857,0.020019439660317495,0.6508454106280126,225.81281113624573
compas,b_placo_basicAI_explicit,basic,placo,explicit_biased,3312,29808.0,25058.254463057656,7.772041062801932,100.0,0.6929347826086957,0.1155076657510064,0.168836628311994,0.0679349324510615,0.4492677307665573,0.2256762702848248,0.9346618357487932,0.8345410628019324,0.0910978020486827,0.0503722084367245,0.0503722084367245,0.2360541993514679,0.1290691131081288,0.690519323671493,165.12624621391296
compas,c_placo_basicAI_automation,basic,placo,automation_biased,3312,29808.0,25415.31572433513,8.092089371980677,100.0,0.6929347826086957,0.1155076657510064,0.168836628311994,0.0679349324510615,0.4492677307665573,0.2256762702848248,0.9346618357487932,0.706219806763285,0.1198500224330645,0.1686564654447621,0.0693686242073339,0.4737521153389711,0.2278960261116839,0.9109903381642532,141.09210109710693
compas,d_placo_fairAI_unbiased,fair,placo,unbiased,3312,29808.0,25016.892596164405,7.738224637681159,100.0,0.6908212560386473,0.0781318575188664,0.1175142328665114,0.0410532120209539,0.2416535780850781,0.1590835954790534,0.9248188405797112,0.9622584541062802,0.083458335014285,0.0192814304130934,0.001985111662531,0.0516011287750823,0.019723865877712,0.6501811594202832,161.8535280227661
compas,e_placo_fairAI_explicit,fair,placo,explicit_biased,3312,29808.0,25101.02617176823,7.816425120772947,100.0,0.6908212560386473,0.0781318575188664,0.1175142328665114,0.0410532120209539,0.2416535780850781,0.1590835954790534,0.9248188405797112,0.8303140096618358,0.0918997688232972,0.0457402812241521,0.0457402812241521,0.2295895156200355,0.1098910480793858,0.6724637681159386,180.5867612361908
compas,f_placo_fairAI_automation,fair,placo,automation_biased,3312,29808.0,25414.765397712552,8.092089371980677,100.0,0.6908212560386473,0.0781318575188664,0.1175142328665114,0.0410532120209539,0.2416535780850781,0.1590835954790534,0.9248188405797112,0.716183574879227,0.0949878299096932,0.1355105014933499,0.0476978218913702,0.3394242682852939,0.1638941609914033,0.8781400966183595,184.8513510227203
compas,g_FAIRPLACO_fairAI_unbiased,fair,fair_placo,unbiased,3312,29808.0,24999.740362848912,7.732487922705314,99.93961352657004,0.6908212560386473,0.0781318575188664,0.1175142328665114,0.0410532120209539,0.2416535780850781,0.1590835954790534,0.9248188405797112,0.9622584541062802,0.083458335014285,0.0192814304130934,0.001985111662531,0.0516011287750823,0.019723865877712,0.6501811594202832,166.89083218574524
compas,h_FAIRPLACO_fairAI_explicit,fair,fair_placo,explicit_biased,3312,29808.0,25093.09006772306,7.811594202898551,99.96980676328504,0.6908212560386473,0.0781318575188664,0.1175142328665114,0.0410532120209539,0.2416535780850781,0.1590835954790534,0.9248188405797112,0.8309178743961353,0.0914621101261753,0.0457402812241521,0.0457402812241521,0.2243234924540584,0.1098910480793858,0.671739130434779,185.18372797966003
compas,i_FAIRPLACO_fairAI_automation,fair,fair_placo,automation_biased,3312,29808.0,25393.705774529357,8.086050724637682,99.93961352657004,0.6908212560386473,0.0781318575188664,0.1175142328665114,0.0410532120209539,0.2416535780850781,0.1590835954790534,0.9248188405797112,0.7155797101449275,0.0931638445015764,0.1317511029971093,0.0469809760132341,0.3271146724582758,0.1627842830779737,0.878743961352659,200.6713409423828
compas,j_FAIRPLACO_basicAI_unbiased,basic,fair_placo,unbiased,3312,29808.0,24988.883132837116,7.72524154589372,99.93961352657004,0.6929347826086957,0.1155076657510064,0.168836628311994,0.0679349324510615,0.4492677307665573,0.2256762702848248,0.9346618357487932,0.9631642512077294,0.084351990063436,0.0205345632451736,0.0025089605734767,0.0012763243596047,0.0200194396603174,0.6508454106280126,158.6626570224762
compas,k_FAIRPLACO_basicAI_explicit,basic,fair_placo,explicit_biased,3312,29808.0,25044.440463748273,7.764794685990339,99.96980676328504,0.6929347826086957,0.1155076657510064,0.168836628311994,0.0679349324510615,0.4492677307665573,0.2256762702848248,0.9346618357487932,0.8342391304347826,0.0902041469995317,0.0510890543148607,0.0510890543148607,0.2277897187953649,0.1305100352983306,0.6905193236714928,161.07938265800476
compas,l_FAIRPLACO_basicAI_automation,basic,fair_placo,automation_biased,3312,29808.0,25390.685565443662,8.084842995169081,99.93961352657004,0.6929347826086957,0.1155076657510064,0.168836628311994,0.0679349324510615,0.4492677307665573,0.2256762702848248,0.9346618357487932,0.706219806763285,0.1189380297290061,0.1674033326126819,0.0686517783291976,0.4668664760030039,0.2267861481982543,0.9120772946859924,164.5948748588562
german,a_placo_basicAI_unbiased,basic,placo,unbiased,300,2700.0,2233.5184389668025,7.67,100.0,0.7166666666666667,0.0490196078431373,0.1036682615629984,0.0,0.0953101798043248,0.3502673796791443,0.7526666666666673,0.9666666666666668,0.0477941176470588,0.0136054421768707,0.0136054421768707,0.6931471805599453,0.0588235294117647,0.6973333333333339,18.960044145584103
german,b_placo_basicAI_explicit,basic,placo,explicit_biased,300,2700.0,2239.725016872643,7.733333333333333,100.0,0.7166666666666667,0.0490196078431373,0.1036682615629984,0.0,0.0953101798043248,0.3502673796791443,0.7526666666666673,0.8933333333333333,0.0214460784313725,0.2535885167464115,0.0839002267573696,0.0281708769666961,0.2142857142857143,0.7040000000000002,17.8790020942688
german,c_placo_basicAI_automation,basic,placo,automation_biased,300,2700.0,2189.7574429662463,7.653333333333333,100.0,0.7166666666666667,0.0490196078431373,0.1036682615629984,0.0,0.0953101798043248,0.3502673796791443,0.7526666666666673,0.7166666666666667,0.0490196078431373,0.1036682615629984,0.0,0.0953101798043248,0.3502673796791443,0.7526666666666673,19.11406683921814
german,d_placo_fairAI_unbiased,fair,placo,unbiased,300,2700.0,2232.986614608572,7.68,100.0,0.7266666666666667,0.0386029411764706,0.1339712918660287,0.0317460317460317,0.2643865098482588,0.3502673796791443,0.7613333333333342,0.9633333333333334,0.0582107843137255,0.0031897926634768,0.0022675736961451,0.0,0.0625,0.6933333333333338,36.777254819869995
german,e_placo_fairAI_explicit,fair,placo,explicit_biased,300,2700.0,2243.557477654957,7.78,100.0,0.7266666666666667,0.0386029411764706,0.1339712918660287,0.0317460317460317,0.2643865098482588,0.3502673796791443,0.7613333333333342,0.8633333333333333,0.0373774509803922,0.2966507177033493,0.1337868480725623,0.0689928714869515,0.3571428571428571,0.6753333333333338,35.42588806152344
german,f_placo_fairAI_automation,fair,placo,automation_biased,300,2700.0,2188.7930270426195,7.653333333333333,100.0,0.7266666666666667,0.0386029411764706,0.1339712918660287,0.0317460317460317,0.2643865098482588,0.3502673796791443,0.7613333333333342,0.7266666666666667,0.0386029411764706,0.1339712918660287,0.0317460317460317,0.2643865098482588,0.3502673796791443,0.7613333333333342,35.642658948898315
german,g_FAIRPLACO_fairAI_unbiased,fair,fair_placo,unbiased,300,2700.0,2197.7690358152363,7.556666666666667,99.0,0.7266666666666667,0.0386029411764706,0.1339712918660287,0.0317460317460317,0.2643865098482588,0.3502673796791443,0.7613333333333342,0.9533333333333334,0.0477941176470588,0.0159489633173843,0.0045351473922902,0.3566749439387322,0.1111111111111111,0.6933333333333336,34.33405900001526
german,h_FAIRPLACO_fairAI_explicit,fair,fair_placo,explicit_biased,300,2700.0,2208.4664731220932,7.666666666666667,99.0,0.7266666666666667,0.0386029411764706,0.1339712918660287,0.0317460317460317,0.2643865098482588,0.3502673796791443,0.7613333333333342,0.86,0.0324754901960784,0.2966507177033493,0.1269841269841269,0.0645385211375711,0.3571428571428571,0.6673333333333339,40.31133484840393
german,i_FAIRPLACO_fairAI_automation,fair,fair_placo,automation_biased,300,2700.0,2191.5086044389227,7.66,99.0,0.7266666666666667,0.0386029411764706,0.1339712918660287,0.0317460317460317,0.2643865098482588,0.3502673796791443,0.7613333333333342,0.7266666666666667,0.0386029411764706,0.1339712918660287,0.0317460317460317,0.2643865098482588,0.3502673796791443,0.7613333333333342,37.61973285675049
german,j_FAIRPLACO_basicAI_unbiased,basic,fair_placo,unbiased,300,2700.0,2200.0390783511853,7.563333333333333,99.0,0.7166666666666667,0.0490196078431373,0.1036682615629984,0.0,0.0953101798043248,0.3502673796791443,0.7526666666666673,0.9566666666666668,0.0373774509803922,0.0204081632653061,0.0204081632653061,1.0498221244986774,0.1111111111111111,0.6973333333333338,16.297319889068604
german,k_FAIRPLACO_basicAI_explicit,basic,fair_placo,explicit_biased,300,2700.0,2214.7259111699395,7.653333333333333,99.0,0.7166666666666667,0.0490196078431373,0.1036682615629984,0.0,0.0953101798043248,0.3502673796791443,0.7526666666666673,0.89,0.0165441176470588,0.2535885167464115,0.0770975056689342,0.1541506798272583,0.2142857142857143,0.7060000000000002,15.976709127426147
german,l_FAIRPLACO_basicAI_automation,basic,fair_placo,automation_biased,300,2700.0,2198.7888931813804,7.683333333333334,99.0,0.7166666666666667,0.0490196078431373,0.1036682615629984,0.0,0.0953101798043248,0.3502673796791443,0.7526666666666673,0.7166666666666667,0.0490196078431373,0.1036682615629984,0.0,0.0953101798043248,0.3502673796791443,0.7526666666666673,16.32334589958191
imagenet,a_placo_basicAI_unbiased,basic,placo,unbiased,1440,12960.0,10867.193433074166,7.731944444444444,100.0,0.7993055555555556,0.0140188448780562,0.1760127857688833,0.1760127857688833,0.6034453478353148,0.4891706775268419,0.7655555555555532,0.9743055555555556,0.0530709278294814,0.0487003934446544,0.0241122924049753,0.048790164169432,0.0897435897435897,0.6887499999999995,66.94314408302307
imagenet,b_placo_basicAI_explicit,basic,placo,explicit_biased,1440,12960.0,10881.867982011345,7.759027777777778,100.0,0.7993055555555556,0.0140188448780562,0.1760127857688833,0.1760127857688833,0.6034453478353148,0.4891706775268419,0.7655555555555532,0.8819444444444444,0.0515059886421305,0.1793271167012609,0.1415468000833855,0.1344971097444815,0.3648648648648649,0.7047222222222207,65.04730176925659
imagenet,c_placo_basicAI_automation,basic,placo,automation_biased,1440,12960.0,10687.848538081676,7.70625,100.0,0.7993055555555556,0.0140188448780562,0.1760127857688833,0.1760127857688833,0.6034453478353148,0.4891706775268419,0.7655555555555532,0.7993055555555556,0.0140188448780562,0.1760127857688833,0.1760127857688833,0.6034453478353148,0.4891706775268419,0.7655555555555532,68.34908604621887
imagenet,d_placo_fairAI_unbiased,fair,placo,unbiased,1440,12960.0,10864.844170455146,7.729861111111111,100.0,0.7993055555555556,0.0083109655732674,0.1594746716697935,0.1594746716697935,0.379664462163431,0.4661905251258864,0.7631944444444427,0.9743055555555556,0.0502420735154786,0.0457418135629976,0.0268223195052462,0.0800427076735365,0.0897435897435897,0.6883333333333327,123.9704020023346
imagenet,e_placo_fairAI_explicit,fair,placo,explicit_biased,1440,12960.0,10870.63851685501,7.740972222222222,100.0,0.7993055555555556,0.0083109655732674,0.1594746716697935,0.1594746716697935,0.379664462163431,0.4661905251258864,0.7631944444444427,0.8861111111111111,0.0602434049680548,0.1773908733232132,0.122854561878952,0.0149256502166756,0.2871198568872987,0.7038888888888877,110.36491203308104
imagenet,f_placo_fairAI_automation,fair,placo,automation_biased,1440,12960.0,10689.61227784973,7.705555555555556,100.0,0.7993055555555556,0.0083109655732674,0.1594746716697935,0.1594746716697935,0.379664462163431,0.4661905251258864,0.7631944444444427,0.7993055555555556,0.0083109655732674,0.1594746716697935,0.1594746716697935,0.379664462163431,0.4661905251258864,0.7631944444444427,102.67844986915588
imagenet,g_FAIRPLACO_fairAI_unbiased,fair,fair_placo,unbiased,1440,12960.0,10829.259787760571,7.701388888888889,99.86111111111111,0.7993055555555556,0.0083109655732674,0.1594746716697935,0.1594746716697935,0.379664462163431,0.4661905251258864,0.7631944444444427,0.9729166666666668,0.0502420735154786,0.0487003934446544,0.0295323466055172,0.1053605156578262,0.1025641025641025,0.6870833333333327,109.16090297698976
imagenet,h_FAIRPLACO_fairAI_explicit,fair,fair_placo,explicit_biased,1440,12960.0,10838.835998334189,7.710416666666666,99.86111111111111,0.7993055555555556,0.0083109655732674,0.1594746716697935,0.1594746716697935,0.379664462163431,0.4661905251258864,0.7631944444444427,0.8868055555555555,0.0560502941738337,0.1744322934415564,0.1284135918282259,0.1188081510716288,0.2999403697078115,0.7027777777777767,119.03212904930116
imagenet,i_FAIRPLACO_fairAI_automation,fair,fair_placo,automation_biased,1440,12960.0,10863.048579669878,7.854861111111111,99.44444444444444,0.7993055555555556,0.0083109655732674,0.1594746716697935,0.1594746716697935,0.379664462163431,0.4661905251258864,0.7631944444444427,0.7993055555555556,0.0083109655732674,0.1594746716697935,0.1594746716697935,0.379664462163431,0.4661905251258864,0.7631944444444427,106.51202201843262
imagenet,j_FAIRPLACO_basicAI_unbiased,basic,fair_placo,unbiased,1440,12960.0,10832.072019971103,7.7027777777777775,99.86111111111111,0.7993055555555556,0.0140188448780562,0.1760127857688833,0.1760127857688833,0.6034453478353148,0.4891706775268419,0.7655555555555532,0.9729166666666668,0.0530709278294814,0.0516589733263112,0.0268223195052462,0.0152674721307883,0.1025641025641025,0.6874999999999997,84.96317434310913
imagenet,k_FAIRPLACO_basicAI_explicit,basic,fair_placo,explicit_biased,1440,12960.0,10855.203855214924,7.726388888888889,99.86111111111111,0.7993055555555556,0.0140188448780562,0.1760127857688833,0.1760127857688833,0.6034453478353148,0.4891706775268419,0.7655555555555532,0.8798611111111111,0.0472627071711264,0.1793271167012609,0.1496768813841985,0.0919374953256855,0.3783783783783784,0.7040277777777758,103.26096415519714
imagenet,l_FAIRPLACO_basicAI_automation,basic,fair_placo,automation_biased,1440,12960.0,10861.504402129944,7.854861111111111,99.51388888888889,0.7993055555555556,0.0140188448780562,0.1760127857688833,0.1760127857688833,0.6034453478353148,0.4891706775268419,0.7655555555555532,0.7993055555555556,0.0140188448780562,0.1760127857688833,0.1760127857688833,0.6034453478353148,0.4891706775268419,0.7655555555555532,88.88999795913696
